{
  "Py_R[": 0.6162556801069743,
  "<]i'H": 4,
  "z?n{!": "True",
  "PqH's": "False",
  "C}kUV": 0.6535751030376175,
  "j@noC": 0.882403769456509,
  "u}X(C": -17,
  "woHk#": "True",
  "!neCk": 0.1490272482271855,
  "Ul$;r": 0.5188915933005221,
  "q!=r@": -86,
  "GffgC": -59,
  "}[]dA": "False",
  "]-M&l": 0.9123198363638919,
  "ex\\n<": 0.8272019462167997,
  "Z_.k)": "True"
}