{
  "&:dox": true,
  "xbhB-": 0.750637805238601,
  "RBo,q": -68,
  "%+_@h": true,
  "*]&X.": true,
  "~;K%q": false,
  "OhVdq": 7,
  "^&;$b": 67,
  "$:SnD": true,
  "fPE|E": 0.48577061819088163,
  "JkX.k": 36,
  "l%-eq": 0.10154946721741998,
  "DS\\i{": 0.5089687583772965,
  "UPMg{": 26,
  "Ba%\\a": -44,
  ")@`WZ": 67,
  "zJFj.": 0.32780966533194034
}